_MSC_BUILD	Compiler identity/version or hosted-mode contract owned separately.
_MSC_EXTENSIONS	Compiler identity/version or hosted-mode contract owned separately.
_MSC_FULL_VER	Compiler identity/version or hosted-mode contract owned separately.
_MSC_VER	Compiler identity/version or hosted-mode contract owned separately.
_MSVC_CONSTEXPR_ATTRIBUTE	The advertised pragma/attribute semantics are not implemented.
_MSVC_TRADITIONAL	Traditional Microsoft preprocessing is not implemented; bcc uses its conforming preprocessor.
_M_FP_CONTRACT	MS floating code-generation modes are not implemented.
_M_FP_PRECISE	MS floating code-generation modes are not implemented.
__ATOMIC_ACQUIRE	Atomic operations, lock-free ABI promises and memory scopes are not implemented.
__ATOMIC_ACQ_REL	Atomic operations, lock-free ABI promises and memory scopes are not implemented.
__ATOMIC_CONSUME	Atomic operations, lock-free ABI promises and memory scopes are not implemented.
__ATOMIC_RELAXED	Atomic operations, lock-free ABI promises and memory scopes are not implemented.
__ATOMIC_RELEASE	Atomic operations, lock-free ABI promises and memory scopes are not implemented.
__ATOMIC_SEQ_CST	Atomic operations, lock-free ABI promises and memory scopes are not implemented.
__BITINT_MAXWIDTH__	Extended integer syntax exists but these widths lack semantic types.
__CLANG_ATOMIC_BOOL_LOCK_FREE	Atomic operations, lock-free ABI promises and memory scopes are not implemented.
__CLANG_ATOMIC_CHAR16_T_LOCK_FREE	Atomic operations, lock-free ABI promises and memory scopes are not implemented.
__CLANG_ATOMIC_CHAR32_T_LOCK_FREE	Atomic operations, lock-free ABI promises and memory scopes are not implemented.
__CLANG_ATOMIC_CHAR_LOCK_FREE	Atomic operations, lock-free ABI promises and memory scopes are not implemented.
__CLANG_ATOMIC_INT_LOCK_FREE	Atomic operations, lock-free ABI promises and memory scopes are not implemented.
__CLANG_ATOMIC_LLONG_LOCK_FREE	Atomic operations, lock-free ABI promises and memory scopes are not implemented.
__CLANG_ATOMIC_LONG_LOCK_FREE	Atomic operations, lock-free ABI promises and memory scopes are not implemented.
__CLANG_ATOMIC_POINTER_LOCK_FREE	Atomic operations, lock-free ABI promises and memory scopes are not implemented.
__CLANG_ATOMIC_SHORT_LOCK_FREE	Atomic operations, lock-free ABI promises and memory scopes are not implemented.
__CLANG_ATOMIC_WCHAR_T_LOCK_FREE	Atomic operations, lock-free ABI promises and memory scopes are not implemented.
__CONSTANT_CFSTRINGS__	Objective-C and CoreFoundation string intrinsics are not implemented.
__FLOAT128__	Quadruple-precision floating types and arithmetic are not implemented.
__FLT16_DECIMAL_DIG__	Half-precision floating types and arithmetic are not implemented.
__FLT16_DENORM_MIN__	Half-precision floating types and arithmetic are not implemented.
__FLT16_DIG__	Half-precision floating types and arithmetic are not implemented.
__FLT16_EPSILON__	Half-precision floating types and arithmetic are not implemented.
__FLT16_HAS_DENORM__	Half-precision floating types and arithmetic are not implemented.
__FLT16_HAS_INFINITY__	Half-precision floating types and arithmetic are not implemented.
__FLT16_HAS_QUIET_NAN__	Half-precision floating types and arithmetic are not implemented.
__FLT16_MANT_DIG__	Half-precision floating types and arithmetic are not implemented.
__FLT16_MAX_10_EXP__	Half-precision floating types and arithmetic are not implemented.
__FLT16_MAX_EXP__	Half-precision floating types and arithmetic are not implemented.
__FLT16_MAX__	Half-precision floating types and arithmetic are not implemented.
__FLT16_MIN_10_EXP__	Half-precision floating types and arithmetic are not implemented.
__FLT16_MIN_EXP__	Half-precision floating types and arithmetic are not implemented.
__FLT16_MIN__	Half-precision floating types and arithmetic are not implemented.
__FLT16_NORM_MAX__	Half-precision floating types and arithmetic are not implemented.
__FPCLASS_NEGINF	Floating classification intrinsics are not implemented.
__FPCLASS_NEGNORMAL	Floating classification intrinsics are not implemented.
__FPCLASS_NEGSUBNORMAL	Floating classification intrinsics are not implemented.
__FPCLASS_NEGZERO	Floating classification intrinsics are not implemented.
__FPCLASS_POSINF	Floating classification intrinsics are not implemented.
__FPCLASS_POSNORMAL	Floating classification intrinsics are not implemented.
__FPCLASS_POSSUBNORMAL	Floating classification intrinsics are not implemented.
__FPCLASS_POSZERO	Floating classification intrinsics are not implemented.
__FPCLASS_QNAN	Floating classification intrinsics are not implemented.
__FPCLASS_SNAN	Floating classification intrinsics are not implemented.
__FXSR__	Vector/CPU intrinsics, inline assembly and address-space semantics are not implemented.
__GCC_ASM_FLAG_OUTPUTS__	Vector/CPU intrinsics, inline assembly and address-space semantics are not implemented.
__GCC_ATOMIC_BOOL_LOCK_FREE	Atomic operations, lock-free ABI promises and memory scopes are not implemented.
__GCC_ATOMIC_CHAR16_T_LOCK_FREE	Atomic operations, lock-free ABI promises and memory scopes are not implemented.
__GCC_ATOMIC_CHAR32_T_LOCK_FREE	Atomic operations, lock-free ABI promises and memory scopes are not implemented.
__GCC_ATOMIC_CHAR_LOCK_FREE	Atomic operations, lock-free ABI promises and memory scopes are not implemented.
__GCC_ATOMIC_INT_LOCK_FREE	Atomic operations, lock-free ABI promises and memory scopes are not implemented.
__GCC_ATOMIC_LLONG_LOCK_FREE	Atomic operations, lock-free ABI promises and memory scopes are not implemented.
__GCC_ATOMIC_LONG_LOCK_FREE	Atomic operations, lock-free ABI promises and memory scopes are not implemented.
__GCC_ATOMIC_POINTER_LOCK_FREE	Atomic operations, lock-free ABI promises and memory scopes are not implemented.
__GCC_ATOMIC_SHORT_LOCK_FREE	Atomic operations, lock-free ABI promises and memory scopes are not implemented.
__GCC_ATOMIC_TEST_AND_SET_TRUEVAL	Atomic operations, lock-free ABI promises and memory scopes are not implemented.
__GCC_ATOMIC_WCHAR_T_LOCK_FREE	Atomic operations, lock-free ABI promises and memory scopes are not implemented.
__GCC_CONSTRUCTIVE_SIZE	Vector/CPU intrinsics, inline assembly and address-space semantics are not implemented.
__GCC_DESTRUCTIVE_SIZE	Vector/CPU intrinsics, inline assembly and address-space semantics are not implemented.
__GCC_HAVE_DWARF2_CFI_ASM	DWARF CFI assembly and unwind code generation are not implemented.
__GCC_HAVE_SYNC_COMPARE_AND_SWAP_1	Atomic operations, lock-free ABI promises and memory scopes are not implemented.
__GCC_HAVE_SYNC_COMPARE_AND_SWAP_2	Atomic operations, lock-free ABI promises and memory scopes are not implemented.
__GCC_HAVE_SYNC_COMPARE_AND_SWAP_4	Atomic operations, lock-free ABI promises and memory scopes are not implemented.
__GCC_HAVE_SYNC_COMPARE_AND_SWAP_8	Atomic operations, lock-free ABI promises and memory scopes are not implemented.
__GNUC_MINOR__	Compiler identity/version or hosted-mode contract owned separately.
__GNUC_PATCHLEVEL__	Compiler identity/version or hosted-mode contract owned separately.
__GNUC_STDC_INLINE__	Compiler identity/version or hosted-mode contract owned separately.
__GNUC__	Compiler identity/version or hosted-mode contract owned separately.
__GXX_ABI_VERSION	C++ ABI and type-info semantics are not implemented.
__GXX_TYPEINFO_EQUALITY_INLINE	C++ ABI and type-info semantics are not implemented.
__MEMORY_SCOPE_CLUSTR	Atomic operations, lock-free ABI promises and memory scopes are not implemented.
__MEMORY_SCOPE_DEVICE	Atomic operations, lock-free ABI promises and memory scopes are not implemented.
__MEMORY_SCOPE_SINGLE	Atomic operations, lock-free ABI promises and memory scopes are not implemented.
__MEMORY_SCOPE_SYSTEM	Atomic operations, lock-free ABI promises and memory scopes are not implemented.
__MEMORY_SCOPE_WRKGRP	Atomic operations, lock-free ABI promises and memory scopes are not implemented.
__MEMORY_SCOPE_WVFRNT	Atomic operations, lock-free ABI promises and memory scopes are not implemented.
__MMX__	Vector/CPU intrinsics, inline assembly and address-space semantics are not implemented.
__NO_INLINE__	Code generation, relocation and optimization policy are not implemented.
__NO_MATH_ERRNO__	Code generation, relocation and optimization policy are not implemented.
__OBJC_BOOL_IS_BOOL	Objective-C and CoreFoundation string intrinsics are not implemented.
__OPENCL_MEMORY_SCOPE_ALL_SVM_DEVICES	Atomic operations, lock-free ABI promises and memory scopes are not implemented.
__OPENCL_MEMORY_SCOPE_DEVICE	Atomic operations, lock-free ABI promises and memory scopes are not implemented.
__OPENCL_MEMORY_SCOPE_SUB_GROUP	Atomic operations, lock-free ABI promises and memory scopes are not implemented.
__OPENCL_MEMORY_SCOPE_WORK_GROUP	Atomic operations, lock-free ABI promises and memory scopes are not implemented.
__OPENCL_MEMORY_SCOPE_WORK_ITEM	Atomic operations, lock-free ABI promises and memory scopes are not implemented.
__PIC__	Code generation, relocation and optimization policy are not implemented.
__PIE__	Code generation, relocation and optimization policy are not implemented.
__PRAGMA_REDEFINE_EXTNAME	The advertised pragma/attribute semantics are not implemented.
__SEG_FS	Vector/CPU intrinsics, inline assembly and address-space semantics are not implemented.
__SEG_GS	Vector/CPU intrinsics, inline assembly and address-space semantics are not implemented.
__SIZEOF_FLOAT128__	Quadruple-precision floating types and arithmetic are not implemented.
__SSE2_MATH__	Vector/CPU intrinsics, inline assembly and address-space semantics are not implemented.
__SSE2__	Vector/CPU intrinsics, inline assembly and address-space semantics are not implemented.
__SSE_MATH__	Vector/CPU intrinsics, inline assembly and address-space semantics are not implemented.
__SSE__	Vector/CPU intrinsics, inline assembly and address-space semantics are not implemented.
__STDC_EMBED_EMPTY__	Existing language-mode preprocessor builtin; not a target definition.
__STDC_EMBED_FOUND__	Existing language-mode preprocessor builtin; not a target definition.
__STDC_EMBED_NOT_FOUND__	Existing language-mode preprocessor builtin; not a target definition.
__STDC_HOSTED__	Compiler identity/version or hosted-mode contract owned separately.
__STDC_UTF_16__	Encoded literal syntax exists, but its semantic types and storage are not implemented.
__STDC_UTF_32__	Encoded literal syntax exists, but its semantic types and storage are not implemented.
__STDC_VERSION__	Existing language-mode preprocessor builtin; not a target definition.
__STDC__	Existing language-mode preprocessor builtin; not a target definition.
__STRICT_ANSI__	Existing language-mode preprocessor builtin; not a target definition.
__VERSION__	Compiler identity/version or hosted-mode contract owned separately.
__clang__	Compiler identity/version or hosted-mode contract owned separately.
__clang_literal_encoding__	Compiler identity/version or hosted-mode contract owned separately.
__clang_major__	Compiler identity/version or hosted-mode contract owned separately.
__clang_minor__	Compiler identity/version or hosted-mode contract owned separately.
__clang_patchlevel__	Compiler identity/version or hosted-mode contract owned separately.
__clang_version__	Compiler identity/version or hosted-mode contract owned separately.
__clang_wide_literal_encoding__	Compiler identity/version or hosted-mode contract owned separately.
__code_model_small__	Code generation, relocation and optimization policy are not implemented.
__llvm__	Compiler identity/version or hosted-mode contract owned separately.
__pic__	Code generation, relocation and optimization policy are not implemented.
__pie__	Code generation, relocation and optimization policy are not implemented.
__seg_fs	Vector/CPU intrinsics, inline assembly and address-space semantics are not implemented.
__seg_gs	Vector/CPU intrinsics, inline assembly and address-space semantics are not implemented.
__tune_k8__	Code generation, relocation and optimization policy are not implemented.
